{
  "accuracy": {
    "claude": {
      "baseline": {
        "bayesian": {
          "correct": 293,
          "total": 362,
          "accuracy": 0.8093922651933702
        },
        "behavioral": {
          "correct": 288,
          "total": 362,
          "accuracy": 0.7955801104972375
        }
      },
      "framing": {
        "bayesian": {
          "correct": 310,
          "total": 362,
          "accuracy": 0.856353591160221
        },
        "behavioral": {
          "correct": 310,
          "total": 362,
          "accuracy": 0.856353591160221
        }
      },
      "information": {
        "bayesian": {
          "correct": 305,
          "total": 362,
          "accuracy": 0.8425414364640884
        },
        "behavioral": {
          "correct": 303,
          "total": 362,
          "accuracy": 0.8370165745856354
        }
      }
    },
    "deepseek": {
      "baseline": {
        "bayesian": {
          "correct": 301,
          "total": 362,
          "accuracy": 0.8314917127071824
        },
        "behavioral": {
          "correct": 294,
          "total": 362,
          "accuracy": 0.8121546961325967
        }
      },
      "framing": {
        "bayesian": {
          "correct": 322,
          "total": 362,
          "accuracy": 0.8895027624309392
        },
        "behavioral": {
          "correct": 319,
          "total": 362,
          "accuracy": 0.8812154696132597
        }
      },
      "information": {
        "bayesian": {
          "correct": 306,
          "total": 362,
          "accuracy": 0.8453038674033149
        },
        "behavioral": {
          "correct": 300,
          "total": 362,
          "accuracy": 0.8287292817679558
        }
      }
    },
    "gemini": {
      "baseline": {
        "bayesian": {
          "correct": 316,
          "total": 362,
          "accuracy": 0.8729281767955801
        },
        "behavioral": {
          "correct": 311,
          "total": 362,
          "accuracy": 0.8591160220994475
        }
      },
      "framing": {
        "bayesian": {
          "correct": 338,
          "total": 362,
          "accuracy": 0.9337016574585635
        },
        "behavioral": {
          "correct": 339,
          "total": 362,
          "accuracy": 0.93646408839779
        }
      },
      "information": {
        "bayesian": {
          "correct": 297,
          "total": 358,
          "accuracy": 0.8296089385474861
        },
        "behavioral": {
          "correct": 296,
          "total": 358,
          "accuracy": 0.8268156424581006
        }
      }
    },
    "gpt": {
      "baseline": {
        "bayesian": {
          "correct": 319,
          "total": 362,
          "accuracy": 0.8812154696132597
        },
        "behavioral": {
          "correct": 308,
          "total": 362,
          "accuracy": 0.850828729281768
        }
      },
      "framing": {
        "bayesian": {
          "correct": 333,
          "total": 362,
          "accuracy": 0.919889502762431
        },
        "behavioral": {
          "correct": 331,
          "total": 362,
          "accuracy": 0.914364640883978
        }
      },
      "information": {
        "bayesian": {
          "correct": 309,
          "total": 362,
          "accuracy": 0.8535911602209945
        },
        "behavioral": {
          "correct": 306,
          "total": 362,
          "accuracy": 0.8453038674033149
        }
      }
    },
    "llama": {
      "baseline": {
        "bayesian": {
          "correct": 295,
          "total": 362,
          "accuracy": 0.8149171270718232
        },
        "behavioral": {
          "correct": 282,
          "total": 362,
          "accuracy": 0.7790055248618785
        }
      },
      "framing": {
        "bayesian": {
          "correct": 308,
          "total": 362,
          "accuracy": 0.850828729281768
        },
        "behavioral": {
          "correct": 305,
          "total": 362,
          "accuracy": 0.8425414364640884
        }
      },
      "information": {
        "bayesian": {
          "correct": 304,
          "total": 362,
          "accuracy": 0.8397790055248618
        },
        "behavioral": {
          "correct": 294,
          "total": 362,
          "accuracy": 0.8121546961325967
        }
      }
    },
    "llama-dpo": {
      "baseline": {
        "bayesian": {
          "correct": 277,
          "total": 362,
          "accuracy": 0.7651933701657458
        },
        "behavioral": {
          "correct": 262,
          "total": 362,
          "accuracy": 0.7237569060773481
        }
      },
      "framing": {
        "bayesian": null,
        "behavioral": null
      },
      "information": {
        "bayesian": null,
        "behavioral": null
      }
    },
    "llama-sft": {
      "baseline": {
        "bayesian": {
          "correct": 280,
          "total": 362,
          "accuracy": 0.7734806629834254
        },
        "behavioral": {
          "correct": 268,
          "total": 362,
          "accuracy": 0.7403314917127072
        }
      },
      "framing": {
        "bayesian": null,
        "behavioral": null
      },
      "information": {
        "bayesian": null,
        "behavioral": null
      }
    },
    "llama-small": {
      "baseline": {
        "bayesian": {
          "correct": 285,
          "total": 362,
          "accuracy": 0.787292817679558
        },
        "behavioral": {
          "correct": 262,
          "total": 362,
          "accuracy": 0.7237569060773481
        }
      },
      "framing": {
        "bayesian": {
          "correct": 290,
          "total": 362,
          "accuracy": 0.8011049723756906
        },
        "behavioral": {
          "correct": 267,
          "total": 362,
          "accuracy": 0.7375690607734806
        }
      },
      "information": {
        "bayesian": {
          "correct": 305,
          "total": 362,
          "accuracy": 0.8425414364640884
        },
        "behavioral": {
          "correct": 283,
          "total": 362,
          "accuracy": 0.7817679558011049
        }
      }
    }
  },
  "shifts": {
    "claude": {
      "framing": {
        "bayesian": {
          "n_shifted": 75,
          "n_cases": 362,
          "shift_rate": 0.20718232044198895,
          "plus_correct": 41,
          "minus_correct": 24,
          "net": 17,
          "net_acc_delta": 0.04696132596685083
        },
        "behavioral": {
          "n_shifted": 81,
          "n_cases": 362,
          "shift_rate": 0.22375690607734808,
          "plus_correct": 46,
          "minus_correct": 24,
          "net": 22,
          "net_acc_delta": 0.06077348066298342
        }
      },
      "information": {
        "bayesian": {
          "n_shifted": 73,
          "n_cases": 362,
          "shift_rate": 0.20165745856353592,
          "plus_correct": 37,
          "minus_correct": 25,
          "net": 12,
          "net_acc_delta": 0.03314917127071823
        },
        "behavioral": {
          "n_shifted": 75,
          "n_cases": 362,
          "shift_rate": 0.20718232044198895,
          "plus_correct": 39,
          "minus_correct": 24,
          "net": 15,
          "net_acc_delta": 0.04143646408839779
        }
      }
    },
    "deepseek": {
      "framing": {
        "bayesian": {
          "n_shifted": 63,
          "n_cases": 362,
          "shift_rate": 0.17403314917127072,
          "plus_correct": 37,
          "minus_correct": 16,
          "net": 21,
          "net_acc_delta": 0.058011049723756904
        },
        "behavioral": {
          "n_shifted": 70,
          "n_cases": 362,
          "shift_rate": 0.19337016574585636,
          "plus_correct": 43,
          "minus_correct": 18,
          "net": 25,
          "net_acc_delta": 0.06906077348066299
        }
      },
      "information": {
        "bayesian": {
          "n_shifted": 67,
          "n_cases": 362,
          "shift_rate": 0.1850828729281768,
          "plus_correct": 30,